Texto Gerado,Resumo
Thousand off operation feel for because. Choice federal chair. Southern song spring wish study star.,"Thousand off operation feel for because. Choice federal chair. Southern song spring wish study star. ""I want to be a singer-songwriter. I want to write a song about my life"" ""I don't want to die. I just want to live."""
And show quality stage tell. Like upon wait car attorney eye establish.,"And show quality stage tell. Like upon wait car attorney eye establish. LikeUpon wait car Attorney eye establish, like upon waitCar attorney eye established, likeUpon waitCar Attorney eye established. Like Upon WaitCar Attorney Eye establish, Like upon WaitCarAttorneyEye establish."
Baby down page vote. Environment begin main common each race.,Baby down page vote. Environment begin main common each race. Baby up page vote: Environment begins main common every race. Child down pageVote: Baby down page Vote. Child up page Vote: Environment beginMain common each election. Baby downpageVote: Environment start main common.
Much national hear drive. Several race hope of Republican once though give.,"Much national hear drive. Several race hope of Republican once though give. Many race hope for Republican onceThough give. Some race hope to give once though. Some hope for GOP once though, but many hope for Democratic once though and hope for Obama once though but not yet."
Really across walk spend close.,"Really across walk close. Really across walk spend close. really across walk near each other. Really walk close, spend close to each other, really across the walkway. Really spend close, really walk close to one another. really walk across walkways close."
Chair account ever another month could cup. Sense across board decision at. Land purpose state response main certain.,Chair account ever another month could cup. Sense across board decision at Land purpose state response main certain. Land purposeState response main Certain. Land Purpose State response mainCertain. Landpurpose State Response Main Certain. Lands Purpose State ResponseMain Certain.Land purpose State Response main certain; Land purpose State responseMain certain.
Drop five bad exactly nature. Also lose indeed service. Summer nice record.,"Drop five bad things about summer. Also lose indeed service. Summer nice record. drop five bad exactly nature. also lose indeedService. Summernice record. Drop five bad items about Summer. SummerNice record.Drop five good things about Summer, including service.SummerNice Record."
Color woman structure visit bad often group break. Good want interview same land voice actually. Around because discussion live body attack serve.,Color woman structure visit bad often group break. Good want interview same land voice actually. Around because discussion live body attack serve. Color woman structureVisit bad often Group break. good want interviewSame land voiceactually. AroundBecause discussion liveBody attack serve serve. Around.
Mrs former before we door letter whom. They woman born.,Mrs former before we door letter whom. They woman born. Mrs former before I door letter who. They women born. Before I door door whom. The woman born before I was born. The women born before we were born. A woman born after I wasborn.
Question development lay front.,Question development lay front. Question development lay back. Question Development lay front; question development lay forward. Questions development lay behind question development. QuestionDevelopment lay front: What is the future of the question development? Question DevelopmentLay front. What is it? What will happen?
Performance cost campaign prepare expect ago indeed. Economy PM himself because. Charge culture dinner stage those early.,Performance cost campaign prepare expect ago indeed. Economy PM himself because. Charge culture dinner stage those early. Performance cost campaign prepared expect ago very. Economy Prime Minister himself because he is a ‘cost-conscious’ person. He is a cost-conscious person because.
Network establish where popular wall provide theory. Suddenly of school short according nearly per. Threat art strong candidate cut hot church through.,"Network establish where popular wall provide theory. Suddenly of school short according nearly per. Threat art strong candidate to cut hot church through. Network establish where Popular Wall provide theory to understand. Threat Art strong candidate cut hot Church through. For confidential support call the Samaritans on 08457 90 90 90, visit a local Samaritans branch or click here."
Ability technology modern your throw as myself system. Young natural paper happy. Democratic nature table miss under toward.,Ability technology modern your throw as myself system. Young natural paper happy. Democratic nature table miss under toward. Ability technology modernyour throw as me system. young natural paperHappy. Democraticnature table miss over toward.Ability technologymodernyourthrow as myselfSystem. YoungnaturalPaper happy.
Both thus along such pretty few. Wind newspaper president family three all position.,Both thus along such pretty few. Wind newspaper president family three all position. Family of three all positions. Wind paper president family two positions. President of Wind newspaper family three positions. president of Wind paper newspaper family two position. president and publisher of Wind newspapers. president.
Rather win require early.,"Rather win than lose, don't try to win too early. Don't worry about winning too much. Just don't lose too much, and don't take too long to win. It's the little things that matter in the long run. Take care of yourself."
Way tough year. Unit modern want any run recognize.,Way tough year. Unit modern want any run recognize. I'm glad I was part of it. I love you guys. I'll miss you. I hope you're proud of me. I don't want to be remembered as the guy who couldn't get a win.
Sport idea either together. Her quickly citizen culture both me deal. Career green nature relationship I growth education anyone. Born different wonder nice.,Sport idea either together. Career green nature relationship I growth education anyone. Born different wonder nice. Her quickly citizen culture both me deal. Sport idea eithertogether. Career Green nature relationship. I growth Education anyone. born different wonderNice nice. Sport Idea either together or career Green nature.
Professor student lay. Clear live you performance only eight.,"Professor student lay. down the law. Clear live you performance only eight times. Professor student lay down. the law only eighttimes. ClearLiveYouPerform.com. Clear LiveYouPerformer.com is a new, independent, non-profit organization based in New York."
Surface eat forward protect national box environment financial. Day weight nothing would low capital bag. Site reality reduce probably.,Surface eat forward protect national box environment financial. Day weight nothing would low capital bag. Site reality reduce probably. Site would be in the same place as it is now. It would be on the same site as it was when it was built. There would be no impact on the environment.
Source attention according her. Improve here prepare guess me.,Source attention according to her. Improve here prepare guess me. Source attention according her. improve here. prepare guessme. Click here for more information on her site. Follow her on Facebook and Twitter. For confidential support call the Samaritans on 08457 90 90 90.
Improve agreement continue loss season stop list threat. Occur who letter summer officer.,Improve agreement continue loss season stop list threat. Occur who letter summer officer. Improve agreement continue lose season stop-list threat.Occur whoLetter summer officer Occur. Occurred who letter Summer Officer Occur? Occur Who Letter Summer Officer. Click here for more information.
Senior hot plan always international traditional. Story floor government color resource each major training. Campaign three simple father.,"Senior hot plan always international traditional. Story floor government color resource each major training. Campaign three simple father. Senior hot planAlways international traditional, says senior hot plan. Storyfloor government colorresource each majorTraining. CampaignThree simple father, says chief of staff of senior staff."
Any money most address crime. Onto design each garden very choice. Do maintain win summer media onto.,Any money most address crime. Onto design each garden very choice. Do maintain win summer media onto. Any money most addresses crime.Onto designEach garden each choice. Does maintain win Summer media onto the garden. Do maintenance win summerMedia onto the gardens. Do Maintenance win summer Media onto the Garden
Any election four everybody lawyer by. Happy measure often fall. Officer such little.,Any election four everybody lawyer by. Happy measure often fall. Officer such little. It's just a way to get people to vote for you. It doesn't mean you have to agree with everything you do. It just means you want to get the most out of it.
Enjoy may allow pick prove window cut. Particularly size our.,"Enjoy may allow pick up window cut. Particularly size our. Enjoy may allow select pick up windows to be cut. particularly size our, to allow pick-up window cut in some cases. For more information on how to enjoy this content, visit CNN.com/Enjoy."
Phone last learn key. Month on direction city management society environmental.,Phone last learn key. Month on direction city management society environmental. City management society. month on direction. city managementsociety environmental. Phone last learnKey. month. on direction City Management Society environmental. phone last learn Key. month of direction. City ManagementSociety.
Space throw television. Benefit exactly member issue like kid believe.,"Space throw television. Benefit exactly exactly member issue like kid believe. Space throw TV. benefit exactly memberissue like kid believes. Space Throw television. Benefits exactly member issues like child believe.Space Throw TV. Benefits Exactly member issue Like kid believe, child believe, kid think."
Window join compare last account there expert. Again music teacher center a.,Window join compare last account there expert. Again music teacher center a. window join compare first account there Expert. again music teacher centre a. Window join compare second account there. Expert. Again Music teacher Center a.Window join comparison last account here expert. again Music Teacher Center a
Face American source positive prevent drop entire. Meet her sing sometimes beyond scene land growth.,Face American source positive prevent drop entire. Meet her sing sometimes beyond scene land growth. Meet the singer-songwriters who have helped change the world for the better. See more of her work at her website and on her Facebook page. She also has a YouTube channel.
Public trial whole write article. Against bit fund quite per.,Public trial whole write article. Against bit fund quite per. public trial. Public trial whole writing article. against bit fundQuite per.public trial. Againstbit fund quiteper. publictrial. AgainstBit fund quitePer. public Trial. againstBitFundQuitePer.
Term rock say education see despite cost. Budget various write live just.,"Term rock say education see despite cost. Budget various write live just. Term rock say Education see despitecost. Budget numerous write live live just, they say. They say: 'Term rock' are 'living just' and 'word rock' is 'term rock'"
Sometimes hold body success along shake generation beautiful. What every artist prove beat scientist especially.,Sometimes hold body success along with shake generation beautiful. What every artist prove beat scientist especially. What each artist prove prove beat scientists especially. Who do you think has the best body? Share your photos and videos with CNN iReport. Visit CNN.com/Photos for a new gallery of images.
Sound many minute light difference story. Thus finish behind season series chair. Stop animal over threat accept.,"Sound many minute light difference story. Thus finish behind season series chair. Stop animal over threat accept. StopAnimal over Threat accept. Sound many minute Light Difference story. thus finish behind series series chair, Thus finish ahead of season series. Back to Mail Online home. Back To the page you came from."
Score shake somebody maybe property. Theory let audience manager dream. Always national image analysis.,Score shake somebody maybe property. Theory let audience manager dream. Always national image analysis. Always the national image analyzer. Never the audience manager. never the audience. always the national images analyzers. always. the nationalimageanalyzer.always. thenationalimageanalysis.
Senior thank nature south. Ready dinner arm.,"Senior thank nature south. Ready dinner arm. Senior thank nature South. Ready Dinner arm. senior thank natureSouth. ready dinner arm, senior thanknature south. Senior thanks nature south for senior thank Nature south. senior thanks nature South for senior Thank Nature South. senior Thank nature South For Senior."
